{"lr": 1.0000000000000001e-07, "data_time": 0.16926956176757812, "loss": 16.941556930541992, "loss_visual": 5.867147445678711, "loss_lang": 5.166881561279297, "loss_fusion": 5.907527446746826, "time": 1.900855302810669, "epoch": 1, "iter": 1, "memory": 799, "step": 1}
{"lr": 0.0001, "data_time": 0.10638284683227539, "loss": 16.956613540649414, "loss_visual": 5.885240077972412, "loss_lang": 5.166006803512573, "loss_fusion": 5.90536642074585, "time": 1.092305302619934, "epoch": 2, "iter": 2, "memory": 1235, "step": 2}
{"lr": 0.0001, "data_time": 0.08392874399820964, "loss": 16.63846206665039, "loss_visual": 5.737402280171712, "loss_lang": 5.101710160573323, "loss_fusion": 5.799349784851074, "time": 0.8151569366455078, "epoch": 3, "iter": 3, "memory": 1234, "step": 3}
{"lr": 0.0001, "data_time": 0.07299506664276123, "loss": 16.212117195129395, "loss_visual": 5.52893590927124, "loss_lang": 5.0345481634140015, "loss_fusion": 5.648633122444153, "time": 0.6754691004753113, "epoch": 4, "iter": 4, "memory": 1234, "step": 4}
{"lr": 0.0001, "data_time": 0.06453876495361328, "loss": 15.771025848388671, "loss_visual": 5.312340545654297, "loss_lang": 4.961564636230468, "loss_fusion": 5.497120666503906, "time": 0.5939166069030761, "epoch": 5, "iter": 5, "memory": 1234, "step": 5}
{"NAVER2023/recog/word_acc": 0.0, "NAVER2023/recog/word_acc_ignore_case": 0.0, "NAVER2023/recog/word_acc_ignore_case_symbol": 0.0, "NAVER2023/recog/char_recall": 0.0, "NAVER2023/recog/char_precision": 0.0, "data_time": 0.0634084939956665, "time": 0.14293181896209717, "step": 5}
{"lr": 0.0001, "data_time": 0.059996326764424644, "loss": 15.313577651977539, "loss_visual": 5.084337751070659, "loss_lang": 4.894896348317464, "loss_fusion": 5.334343512852986, "time": 0.546540896097819, "epoch": 6, "iter": 6, "memory": 1234, "step": 6}
{"lr": 0.0001, "data_time": 0.05761528015136719, "loss": 14.817949567522321, "loss_visual": 4.832118511199951, "loss_lang": 4.822914940970285, "loss_fusion": 5.162916115352085, "time": 0.5118778433118548, "epoch": 7, "iter": 7, "memory": 1234, "step": 7}
{"lr": 0.0001, "data_time": 0.05569937825202942, "loss": 14.283634066581726, "loss_visual": 4.559872806072235, "loss_lang": 4.741762638092041, "loss_fusion": 4.981998592615128, "time": 0.48630890250205994, "epoch": 8, "iter": 8, "memory": 1234, "step": 8}
{"lr": 0.0001, "data_time": 0.05325539906819662, "loss": 13.757766511705187, "loss_visual": 4.297974665959676, "loss_lang": 4.654408613840739, "loss_fusion": 4.8053831524319115, "time": 0.46547744009229874, "epoch": 9, "iter": 9, "memory": 1234, "step": 9}
{"lr": 0.0001, "data_time": 0.05191903114318848, "loss": 13.215606880187988, "loss_visual": 4.03652149438858, "loss_lang": 4.553048992156983, "loss_fusion": 4.626036357879639, "time": 0.45031487941741943, "epoch": 10, "iter": 10, "memory": 1234, "step": 10}
{"NAVER2023/recog/word_acc": 0.0, "NAVER2023/recog/word_acc_ignore_case": 0.0, "NAVER2023/recog/word_acc_ignore_case_symbol": 0.0, "NAVER2023/recog/char_recall": 0.0, "NAVER2023/recog/char_precision": 0.0, "data_time": 0.004221757253011067, "time": 0.07293589909871419, "step": 10}
{"lr": 0.0001, "data_time": 0.039766669273376465, "loss": 12.274627113342286, "loss_visual": 3.5983728528022767, "loss_lang": 4.366913843154907, "loss_fusion": 4.3093404293060305, "time": 0.29118258953094484, "epoch": 11, "iter": 11, "memory": 1234, "step": 11}
{"lr": 0.0001, "data_time": 0.039854812622070315, "loss": 11.22871446609497, "loss_visual": 3.135380947589874, "loss_lang": 4.141760134696961, "loss_fusion": 3.951573371887207, "time": 0.2946636438369751, "epoch": 12, "iter": 12, "memory": 1234, "step": 12}
{"lr": 0.0001, "data_time": 0.039807701110839845, "loss": 10.194273519515992, "loss_visual": 2.709820199012756, "loss_lang": 3.8895694494247435, "loss_fusion": 3.5948837757110597, "time": 0.2989065170288086, "epoch": 13, "iter": 13, "memory": 1234, "step": 13}
{"lr": 0.0001, "data_time": 0.03979344367980957, "loss": 9.185086011886597, "loss_visual": 2.3338850140571594, "loss_lang": 3.6048644185066223, "loss_fusion": 3.246336555480957, "time": 0.30388877391815183, "epoch": 14, "iter": 14, "memory": 1234, "step": 14}
{"lr": 0.0001, "data_time": 0.04086635112762451, "loss": 8.20002884864807, "loss_visual": 1.999086320400238, "loss_lang": 3.298211920261383, "loss_fusion": 2.9027305960655214, "time": 0.3076173305511475, "epoch": 15, "iter": 15, "memory": 1234, "step": 15}
{"NAVER2023/recog/word_acc": 0.0, "NAVER2023/recog/word_acc_ignore_case": 0.0, "NAVER2023/recog/word_acc_ignore_case_symbol": 0.0, "NAVER2023/recog/char_recall": 0.0, "NAVER2023/recog/char_precision": 0.0, "data_time": 0.004729747772216797, "time": 0.07300416628519694, "step": 15}
{"lr": 0.0001, "data_time": 0.041572189331054686, "loss": 7.270152878761292, "loss_visual": 1.7149623870849608, "loss_lang": 2.980087435245514, "loss_fusion": 2.575103056430817, "time": 0.3074512243270874, "epoch": 16, "iter": 16, "memory": 1234, "step": 16}
{"lr": 1e-05, "data_time": 0.04268651008605957, "loss": 6.442599725723267, "loss_visual": 1.4913712859153747, "loss_lang": 2.6730130314826965, "loss_fusion": 2.278215396404266, "time": 0.3092677116394043, "epoch": 17, "iter": 17, "memory": 1234, "step": 17}
{"lr": 1e-05, "data_time": 0.043413543701171876, "loss": 5.740735483169556, "loss_visual": 1.3332855463027955, "loss_lang": 2.385565996170044, "loss_fusion": 2.021883952617645, "time": 0.3101019382476807, "epoch": 18, "iter": 18, "memory": 1234, "step": 18}
{"lr": 1.0000000000000002e-06, "data_time": 0.04399580955505371, "loss": 5.138339424133301, "loss_visual": 1.2207525968551636, "loss_lang": 2.122102212905884, "loss_fusion": 1.7954846739768981, "time": 0.3103680372238159, "epoch": 19, "iter": 19, "memory": 1234, "step": 19}
{"lr": 1.0000000000000002e-06, "data_time": 0.0435161828994751, "loss": 4.652969789505005, "loss_visual": 1.1579079151153564, "loss_lang": 1.8877889394760132, "loss_fusion": 1.6072729468345641, "time": 0.3084117412567139, "epoch": 20, "iter": 20, "memory": 1234, "step": 20}
{"NAVER2023/recog/word_acc": 0.0, "NAVER2023/recog/word_acc_ignore_case": 0.0, "NAVER2023/recog/word_acc_ignore_case_symbol": 0.0, "NAVER2023/recog/char_recall": 0.0, "NAVER2023/recog/char_precision": 0.0, "data_time": 0.0038625399271647134, "time": 0.07242218653361003, "step": 20}
{"lr": 1.0000000000000002e-06, "data_time": 0.042279839515686035, "loss": 4.248991084098816, "loss_visual": 1.1144725680351257, "loss_lang": 1.6881701231002808, "loss_fusion": 1.4463483929634093, "time": 0.3072538375854492, "epoch": 21, "iter": 21, "memory": 1234, "step": 21}
{"lr": 1.0000000000000002e-06, "data_time": 0.04258630275726318, "loss": 3.945919919013977, "loss_visual": 1.092028272151947, "loss_lang": 1.5274035692214967, "loss_fusion": 1.3264881014823913, "time": 0.30721001625061034, "epoch": 22, "iter": 22, "memory": 1234, "step": 22}
{"lr": 1.0000000000000002e-06, "data_time": 0.04249012470245361, "loss": 3.731373643875122, "loss_visual": 1.0803638815879821, "loss_lang": 1.4126509785652162, "loss_fusion": 1.2383587956428528, "time": 0.3079059600830078, "epoch": 23, "iter": 23, "memory": 1234, "step": 23}
{"lr": 1.0000000000000002e-06, "data_time": 0.04278872013092041, "loss": 3.5964902877807616, "loss_visual": 1.0728653073310852, "loss_lang": 1.3434301018714905, "loss_fusion": 1.180194866657257, "time": 0.3081695318222046, "epoch": 24, "iter": 24, "memory": 1234, "step": 24}
{"lr": 1.0000000000000002e-06, "data_time": 0.04234426021575928, "loss": 3.5346259832382203, "loss_visual": 1.070958423614502, "loss_lang": 1.3139927983283997, "loss_fusion": 1.1496747493743897, "time": 0.3079083919525146, "epoch": 25, "iter": 25, "memory": 1234, "step": 25}
{"NAVER2023/recog/word_acc": 0.0, "NAVER2023/recog/word_acc_ignore_case": 0.0, "NAVER2023/recog/word_acc_ignore_case_symbol": 0.0, "NAVER2023/recog/char_recall": 0.0, "NAVER2023/recog/char_precision": 0.0, "data_time": 0.003811359405517578, "time": 0.0749508539835612,