{"lr": 2.020780734123131e-06, "data_time": 0.02298758029937744, "loss": 16.09407596588135, "loss_visual": 5.390882349014282, "loss_lang": 5.218964862823486, "loss_fusion": 5.4842283725738525, "time": 0.2899168491363525, "epoch": 1, "iter": 100, "memory": 3142, "step": 100}
{"lr": 3.960963293843461e-06, "data_time": 0.020840215682983398, "loss": 9.408272838592529, "loss_visual": 2.495940160751343, "loss_lang": 3.9745856046676638, "loss_fusion": 2.937747025489807, "time": 0.2861032009124756, "epoch": 1, "iter": 200, "memory": 3142, "step": 200}
{"lr": 5.901145853563788e-06, "data_time": 0.02113485336303711, "loss": 2.899653458595276, "loss_visual": 0.9820995688438415, "loss_lang": 0.9980607748031616, "loss_fusion": 0.9194931387901306, "time": 0.2880901336669922, "epoch": 1, "iter": 300, "memory": 3142, "step": 300}
{"lr": 7.841328413284125e-06, "data_time": 0.019354581832885742, "loss": 2.64124276638031, "loss_visual": 0.8652517139911652, "loss_lang": 0.9213974416255951, "loss_fusion": 0.8545935571193695, "time": 0.27857725620269774, "epoch": 1, "iter": 400, "memory": 3142, "step": 400}
