{"lr": 1.0000000000000001e-07, "data_time": 0.15351510047912598, "loss": 16.414113998413086, "loss_visual": 5.314609527587891, "loss_lang": 5.654231548309326, "loss_fusion": 5.445271968841553, "time": 1.8798067569732666, "epoch": 1, "iter": 1, "memory": 799, "step": 1}
{"lr": 0.0001, "data_time": 0.09723925590515137, "loss": 16.404303550720215, "loss_visual": 5.296020030975342, "loss_lang": 5.653313159942627, "loss_fusion": 5.454970598220825, "time": 1.0791254043579102, "epoch": 2, "iter": 2, "memory": 1235, "step": 2}
{"lr": 0.0001, "data_time": 0.07744860649108887, "loss": 16.056674321492512, "loss_visual": 5.130045096079509, "loss_lang": 5.586798350016276, "loss_fusion": 5.339831193288167, "time": 0.8044695854187012, "epoch": 3, "iter": 3, "memory": 1234, "step": 3}
{"lr": 0.0001, "data_time": 0.06676900386810303, "loss": 15.591639995574951, "loss_visual": 4.914227366447449, "loss_lang": 5.504631757736206, "loss_fusion": 5.172780990600586, "time": 0.6681316494941711, "epoch": 4, "iter": 4, "memory": 1234, "step": 4}
{"lr": 0.0001, "data_time": 0.060658836364746095, "loss": 15.117345428466797, "loss_visual": 4.695735263824463, "loss_lang": 5.418060779571533, "loss_fusion": 5.003549480438233, "time": 0.5851502895355225, "epoch": 5, "iter": 5, "memory": 1234, "step": 5}
{"NAVER2023/recog/word_acc": 0.0, "NAVER2023/recog/word_acc_ignore_case": 0.0, "NAVER2023/recog/word_acc_ignore_case_symbol": 0.0, "NAVER2023/recog/char_recall": 0.0, "NAVER2023/recog/char_precision": 0.0, "data_time": 0.06471383571624756, "time": 0.1449488401412964, "step": 5}
{"lr": 0.0001, "data_time": 0.05687864621480306, "loss": 14.570940017700195, "loss_visual": 4.4315260251363116, "loss_lang": 5.326761245727539, "loss_fusion": 4.812652826309204, "time": 0.5376588503519694, "epoch": 6, "iter": 6, "memory": 1234, "step": 6}
{"lr": 0.0001, "data_time": 0.05426478385925293, "loss": 14.02268818446568, "loss_visual": 4.165249313626971, "loss_lang": 5.228750365121024, "loss_fusion": 4.628688676016671, "time": 0.5037062508719308, "epoch": 7, "iter": 7, "memory": 1234, "step": 7}
{"lr": 0.0001, "data_time": 0.0519372820854187, "loss": 13.443167209625244, "loss_visual": 3.88723024725914, "loss_lang": 5.1248539686203, "loss_fusion": 4.431083172559738, "time": 0.47726354002952576, "epoch": 8, "iter": 8, "memory": 1234, "step": 8}
{"lr": 0.0001, "data_time": 0.0507100158267551, "loss": 12.869399918450249, "loss_visual": 3.617792672581143, "loss_lang": 5.012257470024957, "loss_fusion": 4.239349921544393, "time": 0.4567343129052056, "epoch": 9, "iter": 9, "memory": 1234, "step": 9}
{"lr": 0.0001, "data_time": 0.049813246726989745, "loss": 12.316873931884766, "loss_visual": 3.3798308968544006, "loss_lang": 4.8847016334533695, "loss_fusion": 4.0523415327072145, "time": 0.44080965518951415, "epoch": 10, "iter": 10, "memory": 1234, "step": 10}
{"NAVER2023/recog/word_acc": 0.0, "NAVER2023/recog/word_acc_ignore_case": 0.0, "NAVER2023/recog/word_acc_ignore_case_symbol": 0.0, "NAVER2023/recog/char_recall": 0.0, "NAVER2023/recog/char_precision": 0.0, "data_time": 0.0037922064463297525, "time": 0.07130320866902669, "step": 10}
{"lr": 0.0001, "data_time": 0.03745467662811279, "loss": 11.321408939361572, "loss_visual": 2.9590568780899047, "loss_lang": 4.6521302461624146, "loss_fusion": 3.710222005844116, "time": 0.2821608066558838, "epoch": 11, "iter": 11, "memory": 1234, "step": 11}
{"lr": 0.0001, "data_time": 0.037279820442199706, "loss": 10.220881843566895, "loss_visual": 2.5299217820167543, "loss_lang": 4.369668078422547, "loss_fusion": 3.3212920427322388, "time": 0.2852668285369873, "epoch": 12, "iter": 12, "memory": 1234, "step": 12}
{"lr": 0.0001, "data_time": 0.037491989135742185, "loss": 9.147563552856445, "loss_visual": 2.1499712765216827, "loss_lang": 4.049165654182434, "loss_fusion": 2.948426604270935, "time": 0.28942289352416994, "epoch": 13, "iter": 13, "memory": 1234, "step": 13}
{"lr": 0.0001, "data_time": 0.037720751762390134, "loss": 8.109608173370361, "loss_visual": 1.8195463180541993, "loss_lang": 3.6940041065216063, "loss_fusion": 2.5960577726364136, "time": 0.2930885314941406, "epoch": 14, "iter": 14, "memory": 1234, "step": 14}
{"lr": 0.0001, "data_time": 0.037967848777771, "loss": 7.1179272651672365, "loss_visual": 1.5308643996715545, "loss_lang": 3.3215883016586303, "loss_fusion": 2.2654745817184447, "time": 0.2971574544906616, "epoch": 15, "iter": 15, "memory": 1234, "step": 15}
{"NAVER2023/recog/word_acc": 0.0, "NAVER2023/recog/word_acc_ignore_case": 0.0, "NAVER2023/recog/word_acc_ignore_case_symbol": 0.0, "NAVER2023/recog/char_recall": 0.0, "NAVER2023/recog/char_precision": 0.0, "data_time": 0.0038588841756184897, "time": 0.07100629806518555, "step": 15}
{"lr": 0.0001, "data_time": 0.039563345909118655, "loss": 6.248075103759765, "loss_visual": 1.311247134208679, "loss_lang": 2.9614141941070558, "loss_fusion": 1.975413793325424, "time": 0.29843993186950685, "epoch": 16, "iter": 16, "memory": 1234, "step": 16}
{"lr": 1e-05, "data_time": 0.04014275074005127, "loss": 5.483640122413635, "loss_visual": 1.1429341077804565, "loss_lang": 2.6257020831108093, "loss_fusion": 1.7150038838386537, "time": 0.2990304231643677, "epoch": 17, "iter": 17, "memory": 1234, "step": 17}
{"lr": 1e-05, "data_time": 0.04045195579528808, "loss": 4.851981377601623, "loss_visual": 1.0370502114295959, "loss_lang": 2.313343608379364, "loss_fusion": 1.501587462425232, "time": 0.29921133518218995, "epoch": 18, "iter": 18, "memory": 1234, "step": 18}
{"lr": 1.0000000000000002e-06, "data_time": 0.04059767723083496, "loss": 4.326984190940857, "loss_visual": 0.9777670323848724, "loss_lang": 2.029552090167999, "loss_fusion": 1.319664990901947, "time": 0.29991455078125, "epoch": 19, "iter": 19, "memory": 1234, "step": 19}
{"lr": 1.0000000000000002e-06, "data_time": 0.04131386280059814, "loss": 3.899642252922058, "loss_visual": 0.9410100042819977, "loss_lang": 1.784833562374115, "loss_fusion": 1.1737985908985138, "time": 0.30053138732910156, "epoch": 20, "iter": 20, "memory": 1234, "step": 20}
{"NAVER2023/recog/word_acc": 0.0, "NAVER2023/recog/word_acc_ignore_case": 0.0, "NAVER2023/recog/word_acc_ignore_case_symbol": 0.0, "NAVER2023/recog/char_recall": 0.0, "NAVER2023/recog/char_precision": 0.0, "data_time": 0.004239002863566081, "time": 0.07283425331115723, "step": 20}
{"lr": 1.0000000000000002e-06, "data_time": 0.04172625541687012, "loss": 3.5598763704299925, "loss_visual": 0.917651379108429, "loss_lang": 1.580353307723999, "loss_fusion": 1.0618716299533844, "time": 0.2999528169631958, "epoch": 21, "iter": 21, "memory": 1234, "step": 21}
{"lr": 1.0000000000000002e-06, "data_time": 0.04174363613128662, "loss": 3.3246519804000854, "loss_visual": 0.9056531906127929, "loss_lang": 1.4249799728393555, "loss_fusion": 0.9940187454223632, "time": 0.29836306571960447, "epoch": 22, "iter": 22, "memory": 1234, "step": 22}
{"lr": 1.0000000000000002e-06, "data_time": 0.04195072650909424, "loss": 3.168080735206604, "loss_visual": 0.8935091078281403, "loss_lang": 1.3285171270370484, "loss_fusion": 0.9460544586181641, "time": 0.2986330986022949, "epoch": 23, "iter": 23, "memory": 1234, "step": 23}
{"lr": 1.0000000000000002e-06, "data_time": 0.04189829826354981, "loss": 3.0910605669021605, "loss_visual": 0.8843843519687653, "loss_lang": 1.2850897550582885, "loss_fusion": 0.921586412191391, "time": 0.2987148523330688, "epoch": 24, "iter": 24, "memory": 1234, "step": 24}
{"lr": 1.0000000000000002e-06, "data_time": 0.04231085777282715, "loss": 3.0646370887756347, "loss_visual": 0.8775759339332581, "loss_lang": 1.2778188467025757, "loss_fusion": 0.9092422604560852, "time": 0.29979231357574465, "epoch": 25, "iter": 25, "memory": 1234, "step": 25}
{"NAVER2023/recog/word_acc": 0.0, "NAVER2023/recog/word_acc_ignore_case": 0.0, "NAVER2023/recog/word_acc_ignore_case_symbol": 0.0, "NAVER2023/recog/char_recall": 0.0, "NAVER2023/recog/char_precision": 0.0, "data_time": 0.003805239995320638, "time": 0.07225275039672852,