{"lr": 0.0003, "data_time": 0.7979722023010254, "loss": 1.1774688959121704, "loss_ce": 1.1774688959121704, "time": 2.9191489219665527, "epoch": 1, "iter": 1, "memory": 2136, "step": 1}
{"lr": 0.0003, "data_time": 0.41942429542541504, "loss": 1.1406857371330261, "loss_ce": 1.1406857371330261, "time": 1.615997552871704, "epoch": 2, "iter": 2, "memory": 2882, "step": 2}
{"lr": 0.0003, "data_time": 0.29131348927815753, "loss": 1.0948518911997478, "loss_ce": 1.0948518911997478, "time": 1.1769224802652996, "epoch": 3, "iter": 3, "memory": 2882, "step": 3}
{"lr": 2.9999999999999997e-05, "data_time": 0.22778159379959106, "loss": 1.0455790311098099, "loss_ce": 1.0455790311098099, "time": 0.9591255784034729, "epoch": 4, "iter": 4, "memory": 2883, "step": 4}
{"lr": 3e-06, "data_time": 0.19736676216125487, "loss": 1.0114692568778991, "loss_ce": 1.0114692568778991, "time": 0.833758020401001, "epoch": 5, "iter": 5, "memory": 2883, "step": 5}
{"lr": 3e-06, "data_time": 0.17879184087117514, "loss": 0.9893334607283274, "loss_ce": 0.9893334607283274, "time": 0.7534480492273966, "epoch": 6, "iter": 6, "memory": 2883, "step": 6}
{"lr": 3e-06, "data_time": 0.16501627649579728, "loss": 0.972007657800402, "loss_ce": 0.972007657800402, "time": 0.6960388251713344, "epoch": 7, "iter": 7, "memory": 2883, "step": 7}
{"lr": 3e-06, "data_time": 0.15156370401382446, "loss": 0.9585759341716766, "loss_ce": 0.9585759341716766, "time": 0.6485522985458374, "epoch": 8, "iter": 8, "memory": 2883, "step": 8}
{"lr": 3e-06, "data_time": 0.13833414183722603, "loss": 0.9482889440324571, "loss_ce": 0.9482889440324571, "time": 0.6098606056637235, "epoch": 9, "iter": 9, "memory": 2883, "step": 9}
{"lr": 3e-06, "data_time": 0.12778050899505616, "loss": 0.9404534876346589, "loss_ce": 0.9404534876346589, "time": 0.5783774375915527, "epoch": 10, "iter": 10, "memory": 2883, "step": 10}
{"lr": 3e-06, "data_time": 0.05117506980895996, "loss": 0.9094329714775086, "loss_ce": 0.9094329714775086, "time": 0.31669890880584717, "epoch": 11, "iter": 11, "memory": 2883, "step": 11}
{"lr": 3e-06, "data_time": 0.05010104179382324, "loss": 0.8862777352333069, "loss_ce": 0.8862777352333069, "time": 0.3154998064041138, "epoch": 12, "iter": 12, "memory": 2883, "step": 12}
{"lr": 3e-06, "data_time": 0.04990701675415039, "loss": 0.8733288228511811, "loss_ce": 0.8733288228511811, "time": 0.31549274921417236, "epoch": 13, "iter": 13, "memory": 2883, "step": 13}
{"lr": 3e-06, "data_time": 0.04918563365936279, "loss": 0.8684810042381287, "loss_ce": 0.8684810042381287, "time": 0.31434557437896726, "epoch": 14, "iter": 14, "memory": 2883, "step": 14}
{"lr": 3e-06, "data_time": 0.044722127914428714, "loss": 0.8674683272838593, "loss_ce": 0.8674683272838593, "time": 0.3108513355255127, "epoch": 15, "iter": 15, "memory": 2883, "step": 15}
{"lr": 3e-06, "data_time": 0.039385747909545896, "loss": 0.8653850734233857, "loss_ce": 0.8653850734233857, "time": 0.3053112983703613, "epoch": 16, "iter": 16, "memory": 2883, "step": 16}
{"lr": 3e-06, "data_time": 0.034397459030151366, "loss": 0.864801001548767, "loss_ce": 0.864801001548767, "time": 0.2997125148773193, "epoch": 17, "iter": 17, "memory": 2883, "step": 17}
{"lr": 3e-06, "data_time": 0.03179712295532226, "loss": 0.8629450142383576, "loss_ce": 0.8629450142383576, "time": 0.2977209329605103, "epoch": 18, "iter": 18, "memory": 2883, "step": 18}
{"lr": 3e-06, "data_time": 0.03174324035644531, "loss": 0.8621854603290557, "loss_ce": 0.8621854603290557, "time": 0.2973198413848877, "epoch": 19, "iter": 19, "memory": 2883, "step": 19}
{"lr": 3e-06, "data_time": 0.031380724906921384, "loss": 0.8590833842754364, "loss_ce": 0.8590833842754364, "time": 0.2973174571990967, "epoch": 20, "iter": 20, "memory": 2883, "step": 20}
{"lr": 3e-06, "data_time": 0.03126544952392578, "loss": 0.857455563545227, "loss_ce": 0.857455563545227, "time": 0.2968108654022217, "epoch": 21, "iter": 21, "memory": 2883, "step": 21}
{"lr": 3e-06, "data_time": 0.03157658576965332, "loss": 0.8544911623001099, "loss_ce": 0.8544911623001099, "time": 0.29646801948547363, "epoch": 22, "iter": 22, "memory": 2883, "step": 22}
{"lr": 3e-06, "data_time": 0.0315054178237915, "loss": 0.8501867175102233, "loss_ce": 0.8501867175102233, "time": 0.29621660709381104, "epoch": 23, "iter": 23, "memory": 2883, "step": 23}
{"lr": 3e-06, "data_time": 0.03155431747436523, "loss": 0.8496070086956025, "loss_ce": 0.8496070086956025, "time": 0.2955956935882568, "epoch": 24, "iter": 24, "memory": 2883, "step": 24}
{"lr": 3e-06, "data_time": 0.03198451995849609, "loss": 0.8468610942363739, "loss_ce": 0.8468610942363739, "time": 0.29589171409606935, "epoch": 25, "iter": 25, "memory": 2883, "step": 25}
{"lr": 3e-06, "data_time": 0.03196947574615479, "loss": 0.8443038761615753, "loss_ce": 0.8443038761615753, "time": 0.2957451343536377, "epoch": 26, "iter": 26, "memory": 2883, "step": 26}
{"lr": 3e-06, "data_time": 0.0319387674331665, "loss": 0.8427603662014007, "loss_ce": 0.8427603662014007, "time": 0.29552128314971926, "epoch": 27, "iter": 27, "memory": 2883, "step": 27}
{"lr": 3e-06, "data_time": 0.03180725574493408, "loss": 0.841919082403183, "loss_ce": 0.841919082403183, "time": 0.29547982215881347, "epoch": 28, "iter": 28, "memory": 2883, "step": 28}
{"lr": 3e-06, "data_time": 0.03164348602294922, "loss": 0.8397500693798066, "loss_ce": 0.8397500693798066, "time": 0.2953660488128662, "epoch": 29, "iter": 29, "memory": 2883, "step": 29}
{"lr": 3e-06, "data_time": 0.03205738067626953, "loss": 0.8388713538646698, "loss_ce": 0.8388713538646698, "time": 0.2954543590545654, "epoch": 30, "iter": 30, "memory": 2883, "step": 30}
{"lr": 3e-06, "data_time": 0.03206923007965088, "loss": 0.835871547460556, "loss_ce": 0.835871547460556, "time": 0.2955270290374756, "epoch": 31, "iter": 31, "memory": 2883, "step": 31}
{"lr": 3e-06, "data_time": 0.03189740180969238, "loss": 0.8360925614833832, "loss_ce": 0.8360925614833832, "time": 0.29504363536834716, "epoch": 32, "iter": 32, "memory": 2883, "step": 32}
{"lr": 3e-06, "data_time": 0.03181121349334717, "loss": 0.8345723152160645, "loss_ce": 0.8345723152160645, "time": 0.29456214904785155, "epoch": 33, "iter": 33, "memory": 2883, "step": 33}
{"lr": 3e-06, "data_time": 0.03183612823486328, "loss": 0.8322172105312348, "loss_ce": 0.8322172105312348, "time": 0.29522645473480225, "epoch": 34, "iter": 34, "memory": 2883, "step": 34}
{"lr": 3e-06, "data_time": 0.03132739067077637, "loss": 0.8298811793327332, "loss_ce": 0.8298811793327332, "time": 0.2940809726715088, "epoch": 35, "iter": 35, "memory": 2883, "step": 35}
{"lr": 3e-06, "data_time": 0.031345462799072264, "loss": 0.8297272801399231, "loss_ce": 0.8297272801399231, "time": 0.29462571144104005, "epoch": 36, "iter": 36, "memory": 2883, "step": 36}
{"lr": 3e-06, "data_time": 0.03157021999359131, "loss": 0.8276812553405761, "loss_ce": 0.8276812553405761, "time": 0.29498991966247556, "epoch": 37, "iter": 37, "memory": 2883, "step": 37}
{"lr": 3e-06, "data_time": 0.031843948364257815, "loss": 0.8250799775123596, "loss_ce": 0.8250799775123596, "time": 0.29503986835479734, "epoch": 38, "iter": 38, "memory": 2883, "step": 38}
{"lr": 3e-06, "data_time": 0.031841063499450685, "loss": 0.8230266571044922, "loss_ce": 0.8230266571044922, "time": 0.2947725772857666, "epoch": 39, "iter": 39, "memory": 2883, "step": 39}
{"lr": 3e-06, "data_time": 0.03177778720855713, "loss": 0.8222878694534301, "loss_ce": 0.8222878694534301, "time": 0.29469006061553954, "epoch": 40, "iter": 40, "memory": 2883, "step": 40}
{"lr": 3e-06, "data_time": 0.03169546127319336, "loss": 0.8214983105659485, "loss_ce": 0.8214983105659485, "time": 0.29409012794494627, "epoch": 41, "iter": 41, "memory": 2883, "step": 41}
{"lr": 3e-06, "data_time": 0.03198082447052002, "loss": 0.8179475247859955, "loss_ce": 0.8179475247859955, "time": 0.2939882755279541, "epoch": 42, "iter": 42, "memory": 2883, "step": 42}
{"lr": 3e-06, "data_time": 0.032033991813659665, "loss": 0.8177088558673858,