{"lr": 0.00013333333333333334, "data_time": 0.7999041080474854, "loss": 5.4592084884643555, "loss_ce": 5.4592084884643555, "time": 2.739671468734741, "epoch": 1, "iter": 1, "memory": 938, "step": 1}
{"lr": 0.00013602693602693603, "data_time": 0.42225635051727295, "loss": 5.288490295410156, "loss_ce": 5.288490295410156, "time": 1.4879963397979736, "epoch": 2, "iter": 2, "memory": 1596, "step": 2}
{"lr": 0.00013872053872053872, "data_time": 0.29630239804585773, "loss": 5.117165883382161, "loss_ce": 5.117165883382161, "time": 1.06704576810201, "epoch": 3, "iter": 3, "memory": 1597, "step": 3}
{"lr": 0.0001414141414141414, "data_time": 0.23291027545928955, "loss": 4.951804995536804, "loss_ce": 4.951804995536804, "time": 0.8558750152587891, "epoch": 4, "iter": 4, "memory": 1597, "step": 4}
{"lr": 0.0001441077441077441, "data_time": 0.2012561798095703, "loss": 4.794850158691406, "loss_ce": 4.794850158691406, "time": 0.7355324745178222, "epoch": 5, "iter": 5, "memory": 1597, "step": 5}
{"lr": 0.0001468013468013468, "data_time": 0.17955259482065836, "loss": 4.641750335693359, "loss_ce": 4.641750335693359, "time": 0.6549998919169108, "epoch": 6, "iter": 6, "memory": 1597, "step": 6}
{"lr": 0.00014949494949494948, "data_time": 0.16329029628208705, "loss": 4.495778526578631, "loss_ce": 4.495778526578631, "time": 0.5965554714202881, "epoch": 7, "iter": 7, "memory": 1597, "step": 7}
{"lr": 0.00015218855218855217, "data_time": 0.1527247428894043, "loss": 4.354334831237793, "loss_ce": 4.354334831237793, "time": 0.5542183220386505, "epoch": 8, "iter": 8, "memory": 1597, "step": 8}
{"lr": 0.00015488215488215486, "data_time": 0.1393249829610189, "loss": 4.220110257466634, "loss_ce": 4.220110257466634, "time": 0.5168235301971436, "epoch": 9, "iter": 9, "memory": 1597, "step": 9}
{"lr": 0.00015757575757575755, "data_time": 0.12889671325683594, "loss": 4.090290069580078, "loss_ce": 4.090290069580078, "time": 0.4865760087966919, "epoch": 10, "iter": 10, "memory": 1597, "step": 10}
{"lr": 0.00016026936026936024, "data_time": 0.05178205966949463, "loss": 3.8158525705337523, "loss_ce": 3.8158525705337523, "time": 0.23388471603393554, "epoch": 11, "iter": 11, "memory": 1597, "step": 11}
{"lr": 1.6296296296296293e-05, "data_time": 0.05056450366973877, "loss": 3.554633069038391, "loss_ce": 3.554633069038391, "time": 0.2311694383621216, "epoch": 12, "iter": 12, "memory": 1597, "step": 12}
{"lr": 1.656565656565656e-05, "data_time": 0.049311161041259766, "loss": 3.325409460067749, "loss_ce": 3.325409460067749, "time": 0.230562162399292, "epoch": 13, "iter": 13, "memory": 1597, "step": 13}
{"lr": 1.683501683501683e-05, "data_time": 0.04779708385467529, "loss": 3.1266443729400635, "loss_ce": 3.1266443729400635, "time": 0.22891881465911865, "epoch": 14, "iter": 14, "memory": 1597, "step": 14}
{"lr": 1.71043771043771e-05, "data_time": 0.04315738677978516, "loss": 2.9538559675216676, "loss_ce": 2.9538559675216676, "time": 0.22409911155700685, "epoch": 15, "iter": 15, "memory": 1597, "step": 15}
{"lr": 1.737373737373737e-05, "data_time": 0.03858625888824463, "loss": 2.8066291570663453, "loss_ce": 2.8066291570663453, "time": 0.219231915473938, "epoch": 16, "iter": 16, "memory": 1597, "step": 16}
{"lr": 1.764309764309764e-05, "data_time": 0.034610867500305176, "loss": 2.6842218160629274, "loss_ce": 2.6842218160629274, "time": 0.21494929790496825, "epoch": 17, "iter": 17, "memory": 1597, "step": 17}
{"lr": 1.7912457912457912e-05, "data_time": 0.029258251190185547, "loss": 2.584564518928528, "loss_ce": 2.584564518928528, "time": 0.20969617366790771, "epoch": 18, "iter": 18, "memory": 1597, "step": 18}
{"lr": 1.8181818181818182e-05, "data_time": 0.028600621223449706, "loss": 2.5051998138427733, "loss_ce": 2.5051998138427733, "time": 0.20820167064666747, "epoch": 19, "iter": 19, "memory": 1597, "step": 19}
{"lr": 1.8451178451178452e-05, "data_time": 0.02761564254760742, "loss": 2.4440599918365478, "loss_ce": 2.4440599918365478, "time": 0.20688698291778565, "epoch": 20, "iter": 20, "memory": 1597, "step": 20}
{"lr": 1.8720538720538723e-05, "data_time": 0.027309751510620116, "loss": 2.4012518167495727, "loss_ce": 2.4012518167495727, "time": 0.20603058338165284, "epoch": 21, "iter": 21, "memory": 1597, "step": 21}
{"lr": 1.898989898989899e-05, "data_time": 0.026693058013916016, "loss": 2.3766414880752564, "loss_ce": 2.3766414880752564, "time": 0.20532703399658203, "epoch": 22, "iter": 22, "memory": 1597, "step": 22}
{"lr": 1.925925925925926e-05, "data_time": 0.02622067928314209, "loss": 2.354001784324646, "loss_ce": 2.354001784324646, "time": 0.20410332679748536, "epoch": 23, "iter": 23, "memory": 1597, "step": 23}
{"lr": 1.952861952861953e-05, "data_time": 0.02656738758087158, "loss": 2.3306402444839476, "loss_ce": 2.3306402444839476, "time": 0.2046076774597168, "epoch": 24, "iter": 24, "memory": 1597, "step": 24}
{"lr": 1.97979797979798e-05, "data_time": 0.027259182929992676, "loss": 2.304786515235901, "loss_ce": 2.304786515235901, "time": 0.2052244186401367, "epoch": 25, "iter": 25, "memory": 1597, "step": 25}
{"lr": 2.006734006734007e-05, "data_time": 0.02793436050415039, "loss": 2.2803319692611694, "loss_ce": 2.2803319692611694, "time": 0.20573961734771729, "epoch": 26, "iter": 26, "memory": 1597, "step": 26}
{"lr": 2.033670033670034e-05, "data_time": 0.028585433959960938, "loss": 2.252612853050232, "loss_ce": 2.252612853050232, "time": 0.2060987949371338, "epoch": 27, "iter": 27, "memory": 1597, "step": 27}
{"lr": 2.060606060606061e-05, "data_time": 0.0288818359375, "loss": 2.2270633220672607, "loss_ce": 2.2270633220672607, "time": 0.2062692403793335, "epoch": 28, "iter": 28, "memory": 1597, "step": 28}
{"lr": 2.087542087542088e-05, "data_time": 0.029240965843200684, "loss": 2.1985283374786375, "loss_ce": 2.1985283374786375, "time": 0.20815887451171874, "epoch": 29, "iter": 29, "memory": 1597, "step": 29}
{"lr": 2.114478114478115e-05, "data_time": 0.029465770721435545, "loss": 2.173978066444397, "loss_ce": 2.173978066444397, "time": 0.20888898372650147, "epoch": 30, "iter": 30, "memory": 1597, "step": 30}
{"lr": 2.141414141414142e-05, "data_time": 0.02971208095550537, "loss": 2.145777463912964, "loss_ce": 2.145777463912964, "time": 0.2092525005340576, "epoch": 31, "iter": 31, "memory": 1597, "step": 31}
{"lr": 2.168350168350169e-05, "data_time": 0.02982335090637207, "loss": 2.1207010746002197, "loss_ce": 2.1207010746002197, "time": 0.20949368476867675, "epoch": 32, "iter": 32, "memory": 1597, "step": 32}
{"lr": 2.195286195286196e-05, "data_time": 0.029675507545471193, "loss": 2.0942518949508666, "loss_ce": 2.0942518949508666, "time": 0.20909831523895264, "epoch": 33, "iter": 33, "memory": 1597, "step": 33}
{"lr": 2.2222222222222227e-05, "data_time": 0.029117178916931153, "loss": 2.0657999873161317, "loss_ce": 2.0657999873161317, "time": 0.20822656154632568, "epoch": 34, "iter": 34, "memory": 1597, "step": 34}
{"lr": 2.2491582491582497e-05, "data_time": 0.0283430814743042, "loss": 2.0411658763885496, "loss_ce": 2.0411658763885496, "time": 0.20745432376861572, "epoch": 35, "iter": 35, "memory": 1597, "step": 35}
{"lr": 2.2760942760942767e-05, "data_time": 0.027894234657287596, "loss": 2.0140095472335817, "loss_ce": 2.0140095472335817, "time": 0.20721290111541749, "epoch": 36, "iter": 36, "memory": 1597, "step": 36}
{"lr": 2.3030303030303038e-05, "data_time": 0.02777707576751709, "loss": 1.9877579092979432, "loss_ce": 1.9877579092979432, "time": 0.20756819248199462, "epoch": 37, "iter": 37, "memory": 1597, "step": 37}
{"lr": 2.3299663299663308e-05, "data_time": 0.028062868118286132, "loss": 1.960019826889038, "loss_ce": 1.960019826889038, "time": 0.20765206813812256, "epoch": 38, "iter": 38, "memory": 1597, "step": 38}
{"lr": 2.3569023569023578e-05, "data_time": 0.027718234062194824, "loss": 1.9329657554626465, "loss_ce": 1.9329657554626465, "time": 0.20595090389251708, "epoch": 39, "iter": 39, "memory": 1597, "step": 39}
{"lr": 2.3838383838383845e-05, "data_time": 0.02779541015625,