{"lr": 1.0000000000000001e-07, "data_time": 0.15866875648498535, "loss": 15.898942947387695, "loss_visual": 4.990858554840088, "loss_lang": 5.403559684753418, "loss_fusion": 5.504524230957031, "time": 1.9316203594207764, "epoch": 1, "iter": 1, "memory": 799, "step": 1}
{"lr": 0.0001, "data_time": 0.099173903465271, "loss": 15.917033195495605, "loss_visual": 5.006776571273804, "loss_lang": 5.399457931518555, "loss_fusion": 5.510798454284668, "time": 1.1102994680404663, "epoch": 2, "iter": 2, "memory": 1235, "step": 2}
{"lr": 0.0001, "data_time": 0.07993165651957194, "loss": 15.570802052815756, "loss_visual": 4.8559268315633135, "loss_lang": 5.338769594828288, "loss_fusion": 5.376105626424153, "time": 0.8263247807820638, "epoch": 3, "iter": 3, "memory": 1234, "step": 3}
{"lr": 0.0001, "data_time": 0.07038307189941406, "loss": 15.182240962982178, "loss_visual": 4.678493499755859, "loss_lang": 5.2756829261779785, "loss_fusion": 5.22806453704834, "time": 0.6883982419967651, "epoch": 4, "iter": 4, "memory": 1234, "step": 4}
{"lr": 0.0001, "data_time": 0.06380319595336914, "loss": 14.735938262939452, "loss_visual": 4.465508604049683, "loss_lang": 5.21267032623291, "loss_fusion": 5.0577592849731445, "time": 0.6043789386749268, "epoch": 5, "iter": 5, "memory": 1234, "step": 5}
{"NAVER2023/recog/word_acc": 0.0, "NAVER2023/recog/word_acc_ignore_case": 0.0, "NAVER2023/recog/word_acc_ignore_case_symbol": 0.0, "NAVER2023/recog/char_recall": 0.0, "NAVER2023/recog/char_precision": 0.0, "data_time": 0.06651639938354492, "time": 0.14701509475708008, "step": 5}
{"lr": 0.0001, "data_time": 0.05927252769470215, "loss": 14.264759381612143, "loss_visual": 4.2352436780929565, "loss_lang": 5.145118157068889, "loss_fusion": 4.884397586186727, "time": 0.5545101165771484, "epoch": 6, "iter": 6, "memory": 1234, "step": 6}
{"lr": 0.0001, "data_time": 0.05616402626037598, "loss": 13.741177150181361, "loss_visual": 3.97615190914699, "loss_lang": 5.06678751536778, "loss_fusion": 4.698237827845982, "time": 0.5180843217032296, "epoch": 7, "iter": 7, "memory": 1234, "step": 7}
{"lr": 0.0001, "data_time": 0.055036336183547974, "loss": 13.199859023094177, "loss_visual": 3.715404212474823, "loss_lang": 4.986896991729736, "loss_fusion": 4.49755784869194, "time": 0.4920647144317627, "epoch": 8, "iter": 8, "memory": 1234, "step": 8}
{"lr": 0.0001, "data_time": 0.0543215274810791, "loss": 12.662846777174208, "loss_visual": 3.470538020133972, "loss_lang": 4.897175841861301, "loss_fusion": 4.295132981406318, "time": 0.471694893307156, "epoch": 9, "iter": 9, "memory": 1234, "step": 9}
{"lr": 0.0001, "data_time": 0.05312283039093017, "loss": 12.14170799255371, "loss_visual": 3.2564647436141967, "loss_lang": 4.7987288475036625, "loss_fusion": 4.086514472961426, "time": 0.4549798727035522, "epoch": 10, "iter": 10, "memory": 1234, "step": 10}
{"NAVER2023/recog/word_acc": 0.0, "NAVER2023/recog/word_acc_ignore_case": 0.0, "NAVER2023/recog/word_acc_ignore_case_symbol": 0.0, "NAVER2023/recog/char_recall": 0.0, "NAVER2023/recog/char_precision": 0.0, "data_time": 0.0036202271779378257, "time": 0.07263906796773274, "step": 10}
{"lr": 0.0001, "data_time": 0.04081361293792725, "loss": 11.20741696357727, "loss_visual": 2.8796836256980898, "loss_lang": 4.614983439445496, "loss_fusion": 3.7127500057220457, "time": 0.2916940927505493, "epoch": 11, "iter": 11, "memory": 1234, "step": 11}
{"lr": 0.0001, "data_time": 0.039675116539001465, "loss": 10.209569549560547, "loss_visual": 2.5009864926338197, "loss_lang": 4.394042897224426, "loss_fusion": 3.3145402908325194, "time": 0.2927852153778076, "epoch": 12, "iter": 12, "memory": 1234, "step": 12}
{"lr": 0.0001, "data_time": 0.04015076160430908, "loss": 9.23470697402954, "loss_visual": 2.1601388812065125, "loss_lang": 4.145273017883301, "loss_fusion": 2.9292951822280884, "time": 0.2977243423461914, "epoch": 13, "iter": 13, "memory": 1234, "step": 13}
{"lr": 0.0001, "data_time": 0.039208841323852536, "loss": 8.284704399108886, "loss_visual": 1.8561570048332214, "loss_lang": 3.864177107810974, "loss_fusion": 2.5643704175949096, "time": 0.29961533546447755, "epoch": 14, "iter": 14, "memory": 1234, "step": 14}
{"lr": 0.0001, "data_time": 0.03850095272064209, "loss": 7.3822380065917965, "loss_visual": 1.601276934146881, "loss_lang": 3.5474655866622924, "loss_fusion": 2.233495628833771, "time": 0.3014249324798584, "epoch": 15, "iter": 15, "memory": 1234, "step": 15}
{"NAVER2023/recog/word_acc": 0.0, "NAVER2023/recog/word_acc_ignore_case": 0.0, "NAVER2023/recog/word_acc_ignore_case_symbol": 0.0, "NAVER2023/recog/char_recall": 0.0, "NAVER2023/recog/char_precision": 0.0, "data_time": 0.0038705666859944663, "time": 0.0726460615793864, "step": 15}
{"lr": 0.0001, "data_time": 0.03905043601989746, "loss": 6.536563968658447, "loss_visual": 1.3962453842163085, "loss_lang": 3.206795263290405, "loss_fusion": 1.933523428440094, "time": 0.301168417930603, "epoch": 16, "iter": 16, "memory": 1234, "step": 16}
{"lr": 1e-05, "data_time": 0.03970570564270019, "loss": 5.7969419956207275, "loss_visual": 1.2523848831653595, "loss_lang": 2.871110475063324, "loss_fusion": 1.6734466850757599, "time": 0.3023414134979248, "epoch": 17, "iter": 17, "memory": 1234, "step": 17}
{"lr": 1e-05, "data_time": 0.0390855073928833, "loss": 5.176649379730224, "loss_visual": 1.1622582018375396, "loss_lang": 2.5511555314064025, "loss_fusion": 1.463235729932785, "time": 0.301978611946106, "epoch": 18, "iter": 18, "memory": 1234, "step": 18}
{"lr": 1.0000000000000002e-06, "data_time": 0.03887362480163574, "loss": 4.6574440717697145, "loss_visual": 1.1078473627567291, "loss_lang": 2.2564692854881288, "loss_fusion": 1.2931274831295014, "time": 0.3021147012710571, "epoch": 19, "iter": 19, "memory": 1234, "step": 19}
{"lr": 1.0000000000000002e-06, "data_time": 0.039321303367614746, "loss": 4.230221891403199, "loss_visual": 1.0712337911128997, "loss_lang": 1.9882765531539917, "loss_fusion": 1.170711600780487, "time": 0.302748441696167, "epoch": 20, "iter": 20, "memory": 1234, "step": 20}
{"NAVER2023/recog/word_acc": 0.0, "NAVER2023/recog/word_acc_ignore_case": 0.0, "NAVER2023/recog/word_acc_ignore_case_symbol": 0.0, "NAVER2023/recog/char_recall": 0.0, "NAVER2023/recog/char_precision": 0.0, "data_time": 0.003700733184814453, "time": 0.07330457369486491, "step": 20}
{"lr": 1.0000000000000002e-06, "data_time": 0.038628554344177245, "loss": 3.891221523284912, "loss_visual": 1.0443919360637666, "loss_lang": 1.755491065979004, "loss_fusion": 1.0913385689258575, "time": 0.3016578912734985, "epoch": 21, "iter": 21, "memory": 1234, "step": 21}
{"lr": 1.0000000000000002e-06, "data_time": 0.0388016939163208, "loss": 3.6177093505859377, "loss_visual": 1.0194672405719758, "loss_lang": 1.560158944129944, "loss_fusion": 1.038083201646805, "time": 0.30134680271148684, "epoch": 22, "iter": 22, "memory": 1234, "step": 22}
{"lr": 1.0000000000000002e-06, "data_time": 0.037710833549499514, "loss": 3.4220305919647216, "loss_visual": 1.0021080493927002, "loss_lang": 1.409825897216797, "loss_fusion": 1.010096663236618, "time": 0.3002403497695923, "epoch": 23, "iter": 23, "memory": 1234, "step": 23}
{"lr": 1.0000000000000002e-06, "data_time": 0.03819947242736817, "loss": 3.2880011558532716, "loss_visual": 0.9884210526943207, "loss_lang": 1.304482364654541, "loss_fusion": 0.9950977146625519, "time": 0.30038700103759763, "epoch": 24, "iter": 24, "memory": 1234, "step": 24}
{"lr": 1.0000000000000002e-06, "data_time": 0.039584684371948245, "loss": 3.2098154783248902, "loss_visual": 0.9763518989086151, "loss_lang": 1.2478610515594482, "loss_fusion": 0.9856025159358979, "time": 0.3021456956863403, "epoch": 25, "iter": 25, "memory": 1234, "step": 25}
{"NAVER2023/recog/word_acc": 0.0, "NAVER2023/recog/word_acc_ignore_case": 0.0, "NAVER2023/recog/word_acc_ignore_case_symbol": 0.0, "NAVER2023/recog/char_recall": 0.0, "NAVER2023/recog/char_precision": 0.0, "data_time": 0.0035701592763264975, "time": 0.07200439771016438,