{"lr": 2.020780734123131e-06, "data_time": 0.021719479560852052, "loss": 16.436750411987305, "loss_visual": 5.458229064941406, "loss_lang": 5.293835115432739, "loss_fusion": 5.684686279296875, "time": 0.296453595161438, "epoch": 1, "iter": 100, "memory": 3142, "step": 100}
